Date,Quantity_Sold,Unit_Price,Revenue,Is_Rainy_Season,Promotion_Active,Month,DayOfWeek
2024-01-01,167.38499535539313,1450,242708.24326532005,0,0,1,0
2024-01-02,145.16074945900854,1520,220644.33917769298,0,0,1,1
2024-01-03,172.66909883352423,1480,255550.26627361585,0,0,1,2
2024-01-04,203.3060449742809,1550,315124.3697101354,0,0,1,3
2024-01-05,141.80463188468323,1450,205616.7162327907,0,0,1,4
2024-01-06,141.8052065067787,1500,212707.80976016802,0,0,1,5
2024-01-07,205.2724485427587,1450,297645.0503870001,0,0,1,6
2024-01-08,176.8602155203518,1500,265290.3232805277,0,1,1,0
2024-01-09,133.5683964922767,1520,203023.96266826056,0,0,1,1
2024-01-10,168.98960152550876,1480,250104.61025775297,0,0,1,2
2024-01-11,133.78038075156383,1450,193981.55208976756,0,1,1,3
2024-01-12,133.69945862504102,1550,207234.16086881357,0,0,1,4
2024-01-13,158.4686795048112,1520,240872.39284731302,0,1,1,5
2024-01-14,83.03519143697707,1450,120401.02758361676,0,0,1,6
2024-01-15,89.62787586204385,1550,138923.20758616796,0,0,1,0
2024-01-16,130.31993647656594,1450,188963.90789102062,0,0,1,1
2024-01-17,114.55091078829517,1500,171826.36618244275,0,0,1,2
2024-01-18,160.99865664083458,1450,233448.05212921015,0,0,1,3
2024-01-19,118.21915735675762,1450,171417.77816729856,0,0,1,4
2024-01-20,100.5693704532648,1450,145825.58715723397,0,0,1,5
2024-01-21,201.2977069122544,1520,305972.5145066267,0,0,1,6
2024-01-22,142.09782948297126,1450,206041.85275030835,0,1,1,0
2024-01-23,152.36348716407733,1550,236163.40510431986,0,0,1,1
2024-01-24,100.133813482529,1500,150200.7202237935,0,0,1,2
2024-01-25,130.9466046416186,1500,196419.9069624279,0,1,1,3
2024-01-26,153.8822906398453,1450,223129.3214277757,0,0,1,4
2024-01-27,109.7152247902194,1520,166767.14168113348,0,0,1,5
2024-01-28,163.1494306420985,1520,247987.13457598974,0,0,1,6
2024-01-29,128.97764585284182,1550,199915.35107190482,0,0,1,0
2024-01-30,139.7907187572353,1450,202696.5421979912,0,0,1,1
2024-01-31,128.9402685719711,1500,193410.40285795665,0,0,1,2
2024-02-01,214.82973645781283,1520,326541.1994158755,0,1,2,3
2024-02-02,149.5275971341723,1450,216815.01584454984,0,0,2,4
2024-02-03,112.98011748654349,1520,171729.7785795461,0,0,2,5
2024-02-04,178.78907192361163,1520,271759.3893238897,0,0,2,6
2024-02-05,107.27047225101421,1500,160905.70837652133,0,0,2,0
2024-02-06,157.31022582516644,1480,232819.13422124632,0,0,2,1
2024-02-07,81.41154566420785,1550,126187.89577952216,0,0,2,2
2024-02-08,103.51348828855492,1550,160445.90684726014,0,0,2,3
2024-02-09,156.89014325541933,1500,235335.214883129,0,0,2,4
2024-02-10,175.84633029983937,1520,267286.42205575586,0,0,2,5
2024-02-11,155.99788984164897,1450,226196.940270391,0,0,2,6
2024-02-12,145.95231011641158,1520,221847.5113769456,0,0,2,0
2024-02-13,139.4613706543749,1500,209192.05598156233,0,0,2,1
2024-02-14,98.25173033714003,1550,152290.18202256705,0,0,2,2
2024-02-15,124.80545270618519,1520,189704.2881134015,0,0,2,3
2024-02-16,133.87764301640743,1550,207510.34667543153,0,0,2,4
2024-02-17,186.99927791766206,1450,271148.95298060996,0,1,2,5
2024-02-18,162.02664013489616,1550,251141.29220908904,0,0,2,6
2024-02-19,88.29359456230432,1550,136855.0715715717,0,0,2,0
2024-02-20,161.34293892881783,1480,238787.5496146504,0,0,2,1
2024-02-21,136.52212018542892,1480,202052.7378744348,0,0,2,2
2024-02-22,126.30772998929145,1480,186935.44038415133,0,1,2,3
2024-02-23,171.40867010943037,1550,265683.43866961705,0,0,2,4
2024-02-24,186.08498328735828,1500,279127.4749310374,0,0,2,5
2024-02-25,182.59480416906695,1550,283021.94646205375,0,0,2,6
2024-02-26,120.62738668720765,1500,180941.08003081146,0,0,2,0
2024-02-27,139.17756684520748,1500,208766.3502678112,0,1,2,1
2024-02-28,161.59422009912473,1480,239159.4457467046,0,0,2,2
2024-02-29,184.14407944928257,1520,279899.00076290953,0,1,2,3
2024-03-01,133.22890167541485,1450,193181.90742935153,0,0,3,4
2024-03-02,143.5019358167664,1480,212382.8650088143,0,1,3,5
2024-03-03,111.27827590978902,1480,164691.84834648774,0,0,3,6
2024-03-04,108.13276815717651,1520,164361.80759890832,0,0,3,0
2024-03-05,178.43840378379693,1450,258735.68548650554,0,0,3,1
2024-03-06,197.4684009999788,1550,306076.0215499671,0,1,3,2
2024-03-07,147.47964574468833,1550,228593.4509042669,0,1,3,3
2024-03-08,185.12365142622085,1480,273983.00411080685,0,0,3,4
2024-03-09,162.65726087666718,1450,235853.02827116742,0,1,3,5
2024-03-10,127.42080858882065,1480,188582.79671145455,0,0,3,6
2024-03-11,162.64884619279448,1500,243973.26928919172,0,1,3,0
2024-03-12,203.83127982630893,1480,301670.29414293723,0,0,3,1
2024-03-13,148.7460886311517,1480,220144.21117410454,0,0,3,2
2024-03-14,204.76252795349023,1550,317381.91832790984,0,1,3,3
2024-03-15,58.308921356858946,1550,90378.82810313137,0,0,3,4
2024-03-16,178.76658765313283,1550,277088.2108623559,0,0,3,5
2024-03-17,153.046647388336,1500,229569.971082504,0,0,3,6
2024-03-18,139.53474273369463,1550,216278.85123722669,0,1,3,0
2024-03-19,153.2116271787426,1450,222156.85940917674,0,0,3,1
2024-03-20,80.43508798896875,1520,122261.33374323249,0,1,3,2
2024-03-21,142.31148392568707,1450,206351.65169224626,0,0,3,3
2024-03-22,162.49894000291113,1450,235623.46300422112,0,0,3,4
2024-03-23,201.72629156595306,1550,312675.75192722725,0,0,3,5
2024-03-24,131.86054236042236,1520,200428.024387842,0,0,3,6
2024-03-25,121.70272389873844,1520,184988.14032608242,0,0,3,0
2024-03-26,132.43850347454122,1520,201306.52528130266,0,0,3,1
2024-03-27,182.0390741195726,1500,273058.6111793589,0,0,3,2
2024-03-28,161.50628883808895,1550,250334.74769903786,0,0,3,3
2024-03-29,131.45839286815365,1520,199816.75715959354,0,1,3,4
2024-03-30,167.96436015896745,1500,251946.54023845118,0,0,3,5
2024-03-31,153.3977142271814,1480,227028.61705622848,0,0,3,6
2024-04-01,183.9025746686511,1480,272175.81050960365,1,0,4,0
2024-04-02,125.42814171429266,1500,188142.21257143898,1,0,4,1
2024-04-03,138.53182486907812,1500,207797.73730361718,1,0,4,2
2024-04-04,136.2762146403745,1550,211228.13269258046,1,0,4,3
2024-04-05,98.77697681537585,1550,153104.31406383257,1,0,4,4
2024-04-06,160.36420969726015,1480,237339.03035194502,1,0,4,5
2024-04-07,159.13693452629613,1520,241888.1404799701,1,0,4,6
2024-04-08,150.17897098248613,1480,222264.8770540795,1,0,4,0
2024-04-09,141.78945033186986,1520,215519.96450444218,1,0,4,1
2024-04-10,100.4620240282355,1520,152702.27652291796,1,0,4,2
2024-04-11,135.27741370321243,1550,209679.99123997928,1,0,4,3
2024-04-12,138.00499192156306,1450,200107.23828626645,1,0,4,4
2024-04-13,121.92029557724334,1450,176784.42858700283,1,0,4,5
2024-04-14,144.35500009168967,1500,216532.50013753452,1,0,4,6
2024-04-15,164.14177998850886,1550,254419.75898218874,1,1,4,0
2024-04-16,216.01650654236857,1520,328345.08994440024,1,0,4,1
2024-04-17,156.11022344911436,1450,226359.8240012158,1,0,4,2
2024-04-18,159.01426367529675,1520,241701.68078645106,1,1,4,3
2024-04-19,147.39439294818413,1450,213721.869774867,1,1,4,4
2024-04-20,82.84300746453354,1450,120122.36082357363,1,0,4,5
2024-04-21,149.0720143592774,1450,216154.42082095225,1,0,4,6
2024-04-22,152.10805734793593,1550,235767.48888930067,1,1,4,0
2024-04-23,236.213473936985,1480,349595.9414267378,1,0,4,1
2024-04-24,143.26736623266072,1520,217766.39667364428,1,0,4,2
2024-04-25,160.55415698167644,1550,248858.9433215985,1,0,4,3
2024-04-26,148.7850880603165,1550,230616.88649349057,1,1,4,4
2024-04-27,109.09626868331638,1550,169099.21645914039,1,0,4,5
2024-04-28,189.99879850802571,1550,294498.13768743986,1,0,4,6
2024-04-29,176.3176561440371,1550,273292.3670232575,1,1,4,0
2024-04-30,177.68611814650666,1500,266529.17721975996,1,0,4,1
2024-05-01,118.17143908218414,1520,179620.58740491988,1,0,5,2
2024-05-02,199.09780088276347,1550,308601.5913682834,1,0,5,3
2024-05-03,100.93521280227017,1520,153421.52345945066,1,1,5,4
2024-05-04,170.53999828300945,1500,255809.99742451418,1,0,5,5
2024-05-05,226.66594690334927,1500,339998.9203550239,1,0,5,6
2024-05-06,115.33122862042592,1520,175303.4675030474,1,0,5,0
2024-05-07,130.179579463903,1450,188760.39022265933,1,0,5,1
2024-05-08,153.48779777806743,1480,227161.9407115398,1,0,5,2
2024-05-09,132.37835210593303,1450,191948.6105536029,1,1,5,3
2024-05-10,95.72677991268536,1450,138803.83087339377,1,0,5,4
2024-05-11,152.39970411821096,1450,220979.5709714059,1,0,5,5
2024-05-12,112.81937001958633,1550,174870.0235303588,1,0,5,6
2024-05-13,166.57573507223137,1500,249863.60260834705,1,0,5,0
2024-05-14,117.82015180181689,1450,170839.2201126345,1,0,5,1
2024-05-15,204.24770417561388,1500,306371.5562634208,1,0,5,2
2024-05-16,122.5861347682317,1520,186330.9248477122,1,0,5,3
2024-05-17,138.72784693280136,1480,205317.21346054602,1,0,5,4
2024-05-18,178.47310260793844,1520,271279.1159640664,1,0,5,5
2024-05-19,106.91974892481156,1520,162518.01836571356,1,0,5,6
2024-05-20,157.96109771114453,1550,244839.70145227402,1,0,5,0
2024-05-21,195.749996399885,1480,289709.9946718298,1,0,5,1
2024-05-22,93.73808679035704,1520,142481.8919213427,1,0,5,2
2024-05-23,156.46218504863066,1520,237822.5212739186,1,0,5,3
2024-05-24,159.09589779869484,1480,235461.92874206835,1,0,5,4
2024-05-25,177.36380051220587,1480,262498.4247580647,1,1,5,5
2024-05-26,106.70672511926713,1520,162194.22218128605,1,0,5,6
2024-05-27,103.78401854205032,1480,153600.34744223446,1,0,5,0
2024-05-28,168.26795479659143,1520,255767.29129081898,1,0,5,1
2024-05-29,160.3944635631615,1520,243799.58461600548,1,1,5,2
2024-05-30,158.76724976210568,1550,246089.2371312638,1,0,5,3
2024-05-31,162.12568733239414,1450,235082.2466319715,1,0,5,4
2024-06-01,126.19913474475283,1520,191822.6848120243,1,0,6,5
2024-06-02,158.12887940063513,1500,237193.31910095268,1,0,6,6
2024-06-03,160.25753656545385,1450,232373.42801990808,1,0,6,0
2024-06-04,124.99770036907712,1450,181246.66553516182,1,0,6,1
2024-06-05,215.30210789006648,1450,312188.0564405964,1,0,6,2
2024-06-06,166.58415223191255,1550,258205.43595946446,1,0,6,3
2024-06-07,108.30437759790729,1520,164622.6539488191,1,0,6,4
2024-06-08,172.97937630218405,1550,268118.0332683853,1,0,6,5
2024-06-09,115.88614154204376,1520,176146.9351439065,1,0,6,6
2024-06-10,177.5479611309858,1550,275199.339753028,1,0,6,0
2024-06-11,190.55084526525914,1550,295353.8101611517,1,0,6,1
2024-06-12,121.27611885769014,1500,181914.1782865352,1,0,6,2
2024-06-13,183.71816452355125,1550,284763.1550115044,1,0,6,3
2024-06-14,164.44733244277745,1480,243382.05201531062,1,0,6,4
2024-06-15,178.77210559980716,1500,268158.1583997107,1,0,6,5
2024-06-16,216.38775439288816,1550,335401.01930897665,1,0,6,6
2024-06-17,141.41141593989954,1450,205046.55311285434,1,0,6,0
2024-06-18,123.61923424748787,1480,182956.46668628204,1,0,6,1
2024-06-19,118.86699496310669,1480,175923.1525453979,1,0,6,2
2024-06-20,121.44664002620966,1480,179741.0272387903,1,0,6,3
2024-06-21,147.30144017050634,1500,220952.16025575952,1,0,6,4
2024-06-22,161.94031911858252,1550,251007.4946338029,1,1,6,5
2024-06-23,159.68417797655067,1550,247510.47586365356,1,1,6,6
2024-06-24,178.95141371626084,1450,259479.5498885782,1,0,6,0
2024-06-25,150.45506621572676,1450,218159.8460128038,1,0,6,1
2024-06-26,200.8736927005061,1480,297293.065196749,1,0,6,2
2024-06-27,140.73701083667154,1450,204068.66571317374,1,0,6,3
2024-06-28,245.20592083063667,1500,367808.881245955,1,0,6,4
2024-06-29,171.89835717177522,1550,266442.4536162516,1,1,6,5
2024-06-30,119.99948552543012,1480,177599.23857763657,1,0,6,6
2024-07-01,112.51876256786107,1450,163152.20572339857,1,0,7,0
2024-07-02,166.88653453351148,1500,250329.80180026722,1,0,7,1
2024-07-03,142.17880251359523,1500,213268.20377039284,1,0,7,2
2024-07-04,174.99001729322322,1450,253735.52507517367,1,0,7,3
2024-07-05,166.56331686007408,1550,258173.14113311484,1,0,7,4
2024-07-06,147.45098805700945,1450,213803.9326826637,1,1,7,5
2024-07-07,120.36221986760583,1480,178136.08540405662,1,0,7,6
2024-07-08,96.98034713599475,1450,140621.5033471924,1,0,7,0
2024-07-09,134.37197667765426,1500,201557.96501648138,1,0,7,1
2024-07-10,179.97395780132155,1450,260962.23881191624,1,0,7,2
2024-07-11,157.49328104455714,1550,244114.58561906355,1,0,7,3
2024-07-12,106.39914274508041,1520,161726.69697252222,1,0,7,4
2024-07-13,156.06133240479136,1450,226288.93198694746,1,0,7,5
2024-07-14,163.4861082905093,1550,253403.4678502894,1,0,7,6
2024-07-15,119.06498973296034,1550,184550.73408608852,1,1,7,0
2024-07-16,155.38037870809347,1500,233070.5680621402,1,1,7,1
2024-07-17,152.03730514561,1550,235657.82297569548,1,0,7,2
2024-07-18,109.9960395759282,1550,170493.8613426887,1,0,7,3
2024-07-19,162.52255761218993,1550,251909.9642988944,1,0,7,4
2024-07-20,169.6274584228882,1550,262922.5605554767,1,0,7,5
2024-07-21,187.9067935111347,1480,278102.0543964794,1,1,7,6
2024-07-22,186.88307182122162,1480,276586.946295408,1,0,7,0
2024-07-23,101.78157212150181,1500,152672.3581822527,1,0,7,1
2024-07-24,117.1761236029707,1450,169905.37922430751,1,0,7,2
2024-07-25,168.0262343523031,1550,260440.6632460698,1,0,7,3
2024-07-26,167.98250828192732,1450,243574.6370087946,1,0,7,4
2024-07-27,168.02666902071167,1450,243638.6700800319,1,0,7,5
2024-07-28,284.8456021729153,1500,427268.4032593729,1,0,7,6
2024-07-29,169.98116787426085,1550,263470.8102051043,1,0,7,0
2024-07-30,189.74479740632097,1550,294104.4359797975,1,0,7,1
2024-07-31,183.3900617222621,1520,278752.8938178384,1,0,7,2
2024-08-01,172.79869379570295,1450,250558.10600376927,1,0,8,3
2024-08-02,138.9655764375879,1450,201500.08583450248,1,1,8,4
2024-08-03,176.56392271726435,1480,261314.60562155122,1,1,8,5
2024-08-04,122.95111749118499,1520,186885.69858660118,1,0,8,6
2024-08-05,141.71134876409968,1480,209732.79617086754,1,0,8,0
2024-08-06,133.0122758259814,1480,196858.16822245246,1,1,8,1
2024-08-07,152.86559487852128,1480,226241.08042021148,1,0,8,2
2024-08-08,231.0130498335728,1500,346519.5747503592,1,0,8,3
2024-08-09,84.64571825928881,1500,126968.57738893322,1,1,8,4
2024-08-10,174.01910666310798,1480,257548.2778613998,1,0,8,5
2024-08-11,93.55494450836218,1520,142203.5156527105,1,0,8,6
2024-08-12,133.48238469736984,1450,193549.45781118626,1,0,8,0
2024-08-13,188.11327089385782,1520,285932.1717586639,1,0,8,1
2024-08-14,152.2498006683412,1550,235987.19103592887,1,0,8,2
2024-08-15,112.27893277247429,1500,168418.39915871143,1,0,8,3
2024-08-16,124.96437017590111,1450,181198.3367550566,1,0,8,4
2024-08-17,173.78592121271365,1450,251989.58575843478,1,0,8,5
2024-08-18,124.43716788990022,1550,192877.61022934536,1,0,8,6
2024-08-19,157.5760506353691,1550,244242.87848482214,1,0,8,0
2024-08-20,151.59501439663347,1480,224360.62130701754,1,1,8,1
2024-08-21,127.1939878337964,1500,190790.9817506946,1,0,8,2
2024-08-22,225.0380431263864,1500,337557.0646895796,1,0,8,3
2024-08-23,172.1871657811304,1520,261724.4919873182,1,1,8,4
2024-08-24,79.12000946698375,1480,117097.61401113594,1,0,8,5
2024-08-25,156.52590101692996,1480,231658.33350505633,1,0,8,6
2024-08-26,126.83747373310642,1480,187719.4611249975,1,0,8,0
2024-08-27,179.83516671786785,1480,266156.0467424444,1,0,8,1
2024-08-28,122.26177415485547,1500,183392.66123228322,1,0,8,2
2024-08-29,145.98422454865855,1500,218976.33682298783,1,0,8,3
2024-08-30,167.67455476431599,1480,248158.34105118766,1,0,8,4
2024-08-31,180.30143179595424,1520,274058.17632985045,1,0,8,5
2024-09-01,107.98962575304783,1450,156584.95734191936,1,0,9,6
2024-09-02,138.2924567455668,1450,200524.06228107185,1,0,9,0
2024-09-03,133.37691410936654,1520,202732.90944623714,1,0,9,1
2024-09-04,127.13347685992008,1480,188157.5457526817,1,1,9,2
2024-09-05,211.7908984098384,1500,317686.3476147576,1,0,9,3
2024-09-06,164.17435988363343,1450,238052.82183126846,1,0,9,4
2024-09-07,105.86906159827342,1550,164097.0454773238,1,0,9,5
2024-09-08,182.12516814691716,1550,282294.0106277216,1,0,9,6
2024-09-09,224.27546689544215,1520,340898.70968107204,1,0,9,0
2024-09-10,186.13628411929014,1480,275481.7004965494,1,0,9,1
2024-09-11,96.82205119160953,1450,140391.97422783382,1,0,9,2
2024-09-12,133.0518074496812,1480,196916.67502552818,1,0,9,3
2024-09-13,194.3418902215318,1450,281795.7408212211,1,0,9,4
2024-09-14,125.23156870334267,1520,190351.98442908085,1,0,9,5
2024-09-15,165.533679985118,1520,251611.19357737937,1,0,9,6
2024-09-16,177.11219187002678,1550,274523.8973985415,1,0,9,0
2024-09-17,117.5574334947671,1480,173985.0015722553,1,0,9,1
2024-09-18,147.916612537837,1550,229270.74943364738,1,1,9,2
2024-09-19,50.0,1480,74000.0,1,0,9,3
2024-09-20,114.14643255329986,1550,176926.97045761478,1,1,9,4
2024-09-21,141.1601147012394,1500,211740.1720518591,1,1,9,5
2024-09-22,106.32758863123027,1500,159491.3829468454,1,1,9,6
2024-09-23,207.13439563760724,1500,310701.59345641086,1,1,9,0
2024-09-24,99.94505177137785,1500,149917.57765706678,1,0,9,1
2024-09-25,134.59844296560556,1450,195167.74230012807,1,0,9,2
2024-09-26,154.5759202050132,1500,231863.8803075198,1,0,9,3
2024-09-27,200.44456511731403,1520,304675.7389783173,1,0,9,4
2024-09-28,99.74482470871962,1520,151612.1335572538,1,0,9,5
2024-09-29,190.71073132542358,1450,276530.5604218642,1,0,9,6
2024-09-30,150.35815713568556,1500,225537.23570352833,1,0,9,0
2024-10-01,115.64719721332172,1500,173470.79581998257,1,0,10,1
2024-10-02,166.17362159921447,1500,249260.4323988217,1,1,10,2
2024-10-03,156.96708934507146,1550,243298.98848486075,1,0,10,3
2024-10-04,128.9924092994422,1480,190908.76576317442,1,0,10,4
2024-10-05,152.44307297465068,1550,236286.76311070856,1,1,10,5
2024-10-06,136.5140241098384,1480,202040.75568256085,1,1,10,6
2024-10-07,153.97310708379368,1500,230959.6606256905,1,0,10,0
2024-10-08,173.17457360823664,1500,259761.86041235496,1,1,10,1
2024-10-09,205.51058856508732,1550,318541.41227588535,1,1,10,2
2024-10-10,106.67645754106027,1550,165348.50918864342,1,1,10,3
2024-10-11,224.65616811296934,1480,332491.12880719465,1,0,10,4
2024-10-12,81.67692701671244,1520,124148.9290654029,1,0,10,5
2024-10-13,144.6875216737546,1480,214137.5320771568,1,0,10,6
2024-10-14,170.59110222696017,1550,264416.2084517883,1,0,10,0
2024-10-15,159.83471537072614,1550,247743.80882462554,1,0,10,1
2024-10-16,128.2055168062792,1450,185897.99936910486,1,0,10,2
2024-10-17,142.71572123749536,1550,221209.36791811782,1,1,10,3
2024-10-18,132.74496728694086,1450,192480.20256606425,1,0,10,4
2024-10-19,129.3722335069526,1520,196645.79493056794,1,1,10,5
2024-10-20,179.73607339573587,1480,266009.3886256891,1,0,10,6
2024-10-21,162.49554200877665,1480,240493.40217298944,1,0,10,0
2024-10-22,125.7481641658771,1450,182334.8380405218,1,1,10,1
2024-10-23,181.48599564016376,1480,268599.2735474424,1,0,10,2
2024-10-24,160.75548323068134,1550,249170.99900755606,1,0,10,3
2024-10-25,178.4501741593636,1500,267675.2612390454,1,1,10,4
2024-10-26,172.0370094673264,1450,249453.6637276233,1,0,10,5
